code,name
ar_EG,Maria Hawkins
ar_EG,Tyler Barnes
ar_EG,James Moore
ar_EG,Charles Harris
ar_EG,Kimberly Davenport
ar_EG,Joseph Chapman
ar_EG,Ethan Burnett
ar_EG,Michelle Holt
ar_EG,Jonathan Fisher
ar_EG,George Wilson
cs_CZ,Veronika Němcová
cs_CZ,Patrik Šimek
cs_CZ,Alice Procházková
cs_CZ,Emil Dvořák
cs_CZ,Alexandra Holubová
cs_CZ,Ondřej Jelínek
cs_CZ,Olga Vávrová
cs_CZ,Libor Kopecký
cs_CZ,Nikola Vaňková
cs_CZ,Tadeáš Procházka
de_DE,Jolanda Trommler
de_DE,Roselinde Kabus B.Eng.
de_DE,Dajana Jessel-Zahn
de_DE,Herr Karl-Otto Salz
de_DE,Gülay Bärer
de_DE,Gerolf Oderwald-Hering
de_DE,Carl-Heinz Scheibe
de_DE,Ing. Nadin Vogt B.Sc.
de_DE,Sylwia Karge
de_DE,Harald Heser
en_AU,Katherine Rodriguez
en_AU,Karen Holmes
en_AU,Christopher Ramirez
en_AU,Amber Bailey
en_AU,Derek Simpson
en_AU,Kendra Small
en_AU,Christopher Cox
en_AU,Pedro Mullins
en_AU,Amy Mcclure
en_AU,Patricia Clark
en_CA,Andrew Duncan
en_CA,Bobby Wagner
en_CA,Melissa Butler
en_CA,Deborah Mendoza
en_CA,Shirley Dodson
en_CA,Nathan Baker
en_CA,Blake Rodriguez
en_CA,Carla Avila
en_CA,Michael Escobar
en_CA,Rachel Bullock
en_US,Scott Bowers
en_US,Anthony Roberts
en_US,Julie Rubio
en_US,Edward Adams
en_US,Mark Mason
en_US,Vincent Kennedy
en_US,David Johnson
en_US,Leslie Moore
en_US,Scott Brown
en_US,Mitchell Garner
es_ES,Luisa Baeza Ledesma
es_ES,Lorena de Valderrama
es_ES,Martin Múgica Hernández
es_ES,Miriam Amor-Méndez
es_ES,Agustín Crespi
es_ES,Nuria Simó
es_ES,Amparo Guijarro Mosquera
es_ES,Teresa Torrent Carbonell
es_ES,Nuria Mateos Segura
es_ES,Eva Río Llamas
es_MX,Óliver Lourdes Sisneros Limón
es_MX,Lic. Nancy Marín
es_MX,Gabino Miguel Quintana Gutiérrez
es_MX,Augusto Verdugo
es_MX,Reynaldo Daniel Vallejo Medrano
es_MX,Ricardo Claudio Esquibel Esparza
es_MX,Lic. Germán Negrete
es_MX,Mtro. Blanca Urías
es_MX,Cynthia Maldonado
es_MX,Gregorio Verónica Galindo
fr_FR,Grégoire du Marchand
fr_FR,Odette-Joséphine Lemaire
fr_FR,Véronique Goncalves de la Gonzalez
fr_FR,Margot Mendes
fr_FR,Gilles-Tristan Lagarde
fr_FR,Gérard Pasquier
fr_FR,Léon Colas
fr_FR,Isaac Hubert
fr_FR,Léon de Vasseur
fr_FR,Margot Bailly
it_IT,Ciro Serra
it_IT,Edvige Coppola
it_IT,Nicoletta Negri
it_IT,Evangelista Pagano
it_IT,Sig.ra Carmelo Colombo
it_IT,Amos Conte
it_IT,Sig.ra Soriana Cattaneo
it_IT,Danny Ferri
it_IT,Nick Barone
it_IT,Armando Farina
ko_KR,성 영진
ko_KR,안 상호
ko_KR,장 현지
ko_KR,황 재호
ko_KR,서 채원
ko_KR,김 성훈
ko_KR,김 지은
ko_KR,김 준영
ko_KR,배 승민
ko_KR,김 병철
no_NO,Vilde Moen
no_NO,Gunn Fredriksen
no_NO,Marianne-Ragnhild Ahmed
no_NO,Anita-Gerd Aasen
no_NO,Trond-Stein Ali
no_NO,Olav Haug
no_NO,Eli Brekke
no_NO,Silje Haugland
no_NO,Solveig Johnsen-Christensen
no_NO,Thor Sørensen
pl_PL,Filip Szlachcic
pl_PL,Melania Smutek
pl_PL,Julita Durma
pl_PL,Nicole Miszkurka
pl_PL,Gabriel Jakiel
pl_PL,Fabian Kawula
pl_PL,Sandra Duszczak
pl_PL,Krzysztof Kapałka
pl_PL,pan Kacper Cimoch
pl_PL,Julianna Barczuk
pt_BR,Alícia Santos
pt_BR,Elisa Peixoto
pt_BR,Dra. Camila Peixoto
pt_BR,Dra. Sarah Costa
pt_BR,Marina Porto
pt_BR,Alexia Freitas
pt_BR,Sr. Juan Caldeira
pt_BR,Pedro Lucas Carvalho
pt_BR,Eduardo Castro
pt_BR,Ana Julia Duarte
ro_RO,Felix Manole
ro_RO,Adina Diaconescu
ro_RO,Nicu Toma
ro_RO,Todor Dima
ro_RO,Aurica Tudor
ro_RO,Catrinel Mocanu
ro_RO,Vladimir Voinea
ro_RO,Gianina Stănescu
ro_RO,Relu Preda
ro_RO,Mihail Popa
ru_RU,Николаева Октябрина Аркадьевна
ru_RU,Соболев Мечислав Артурович
ru_RU,Емельянова Валерия Петровна
ru_RU,Зиновьев Демьян Глебович
ru_RU,Семенова Наина Макаровна
ru_RU,Киселев Тимофей Елисеевич
ru_RU,Мамонтова Лидия Валентиновна
ru_RU,Беляков Ярослав Германович
ru_RU,Родионова Ия Альбертовна
ru_RU,Селезнева Евпраксия Борисовна
tr_TR,Emal Zeyno Yaman
tr_TR,Bay Şanlı Mülâyim Güçlü
tr_TR,Dr. Nefiye Durmuş Hançer
tr_TR,Pekkan Yorulmaz
tr_TR,Dr. Gelengül Koncagül Şensoy Kısakürek
tr_TR,Ervaniye Yaşar İnönü Şama
tr_TR,Tanyolaç Akçay
tr_TR,Dr. Gülselin Gökçe Seven Şama
tr_TR,Eflâtun Güçlü
tr_TR,Saba Bilgin
uk_UA,Олександр Ляшко
uk_UA,Олена Щербак
uk_UA,Ігнат Величко
uk_UA,Олександр Скиба
uk_UA,Анжела Адаменко
uk_UA,Марія Чаленко
uk_UA,Богуслава Саєнко
uk_UA,Леон Юрченко
uk_UA,Павло Євтушенко
uk_UA,Ілля Сірко
zh_CN,王 娜
zh_CN,王 晨
zh_CN,彭 洁
zh_CN,陆 玉珍
zh_CN,谭 彬
zh_CN,梁 桂荣
zh_CN,萧 浩
zh_CN,陈 桂芳
zh_CN,寇 成
zh_CN,王 亮
zh_TW,陳 淑玲
zh_TW,王 美琪
zh_TW,李 沖
zh_TW,吳 冠宇
zh_TW,唐 馨儀
zh_TW,謝 靜怡
zh_TW,王 怡婷
zh_TW,李 俊賢
zh_TW,黃 怡如
zh_TW,張 冠宇
